No.,ID,Location,External IP,Internal IP
1,1I14,San Jose 1,192.155.215.197,10.90.32.219
2,RmUN,Melbourne 1,168.1.68.251,10.118.0.103
3,5lh4,Washington 4,169.55.87.188,10.148.82.237
4,fJdc,Toronto 1,169.53.184.72,10.114.233.202
5,FUrl,Sao Paulo 1,169.57.160.228,10.150.190.243
6,gf3g,San Jose 3,169.45.75.100,10.160.141.162
7,soqY,Frankfurt 2,159.122.100.42,10.134.114.174
8,8cLo,London 2,5.10.105.200,10.112.27.204
9,e7Ob,Hong Kong 2,119.81.134.226,10.110.16.66
10,xNNH,Mexico City 1,169.57.7.200,10.130.22.235
11,pkqS,Dallas 6,23.246.195.8,10.107.35.206
12,Vwp6,Washington 1,50.97.60.166,10.56.150.202
13,mCvS,Amsterdam 1,5.153.63.162,10.104.163.194
14,T3NB,Dallas 7,184.173.213.195,10.51.43.68
15,hflr,Washington 2,169.63.70.87,10.65.27.16
16,AylT,Paris 1,159.8.77.42,10.127.230.72
17,geCs,Channai 1,169.38.84.49,10.162.54.88
18,6opA,Milan 1,159.122.152.111,10.144.77.62
19,Lfxy,Amsterdam 3,159.8.223.72,10.137.60.134
